Player_Key,Pos,Player,Team,Season
331.p.3727,K,Adam Vinatieri,Ind,2014
331.p.3950,TE,Tony Gonzalez,Atl,2014
331.p.4256,QB,Peyton Manning,Den,2014
331.p.4269,K,Phil Dawson,Cle,2014
331.p.4416,QB,Matt Hasselbeck,Ind,2014
331.p.4587,K,David Akers,Det,2014
331.p.5046,K,Sebastian Janikowski,Sea,2014
331.p.5228,QB,Tom Brady,TB,2014
331.p.5381,TE,Mike Leach,Ari,2014
331.p.5388,K,Rian Lindell,TB,2014
331.p.5447,K,Jay Feely,Chi,2014
331.p.5448,QB,Mike Vick,Pit,2014
331.p.5463,WR,Santana Moss,Was,2014
331.p.5477,WR,Reggie Wayne,NE,2014
331.p.5479,QB,Drew Brees,NO,2014
331.p.5521,WR,Steve Smith Sr.,Bal,2014
331.p.5854,K,Shayne Graham,Atl,2014
331.p.5967,QB,Josh McCown,Hou,2014
331.p.5994,QB,David Garrard,NYJ,2014
331.p.6154,K,Billy Cundiff,Buf,2014
331.p.6169,QB,Shaun Hill,Min,2014
331.p.6243,K,Matt Bryant,Atl,2014
331.p.6337,QB,Carson Palmer,Ari,2014
331.p.6339,WR,Andre Johnson,Hou,2014
331.p.6358,QB,Rex Grossman,Atl,2014
331.p.6359,RB,Willis McGahee,Cle,2014
331.p.6360,TE,Dallas Clark,Ind,2014
331.p.6390,WR,Anquan Boldin,Buf,2014
331.p.6405,TE,Jason Witten,LV,2014
331.p.6407,WR,Nate Burleson,Cle,2014
331.p.6460,WR,Brandon Lloyd,SF,2014
331.p.6558,K,Josh Brown,NYG,2014
331.p.6624,QB,Tony Romo,Dal,2014
331.p.6663,TE,Antonio Gates,LAC,2014
331.p.6664,WR,Kassim Osgood,SF,2014
331.p.6760,QB,Eli Manning,NYG,2014
331.p.6762,WR,Larry Fitzgerald,Ari,2014
331.p.6763,QB,Philip Rivers,Ind,2014
331.p.6765,TE,Kellen Winslow,NYJ,2014
331.p.6770,QB,Ben Roethlisberger,Pit,2014
331.p.6783,RB,Steven Jackson,NE,2014
331.p.6791,TE,Ben Watson,NE,2014
331.p.6814,RB,Greg Jones,Jax,2014
331.p.6827,TE,Ben Hartsock,NE,2014
331.p.6849,QB,Matt Schaub,Atl,2014
331.p.6865,QB,Luke McCown,Dal,2014
331.p.6867,WR,Jerricho Cotchery,Car,2014
331.p.6896,K,Josh Scobee,Jax,2014
331.p.7027,WR,Wes Welker,LAR,2014
331.p.7139,RB,Vonta Leach,Bal,2014
331.p.7149,WR,Malcom Floyd,LAC,2014
331.p.7177,QB,Alex Smith,Was,2014
331.p.7178,RB,Ronnie Brown,LAC,2014
331.p.7200,QB,Aaron Rodgers,GB,2014
331.p.7201,QB,Jason Campbell,Cin,2014
331.p.7203,WR,Roddy White,Atl,2014
331.p.7206,TE,Heath Miller,Pit,2014
331.p.7223,K,Mike Nugent,Ari,2014
331.p.7237,WR,Vincent Jackson,TB,2014
331.p.7241,RB,Frank Gore,NYJ,2014
331.p.7244,WR,Courtney Roby,Atl,2014
331.p.7247,TE,Alex Smith,Was,2014
331.p.7282,QB,Kyle Orton,Buf,2014
331.p.7306,RB,Darren Sproles,Phi,2014
331.p.7321,QB,Dan Orlovsky,LAR,2014
331.p.7374,TE,Joel Dreessen,Den,2014
331.p.7389,QB,Derek Anderson,Buf,2014
331.p.7406,QB,Matt Cassel,Det,2014
331.p.7426,QB,Ryan Fitzpatrick,Was,2014
331.p.7434,K,Rob Bironas,Ten,2014
331.p.7448,WR,Josh Cribbs,Cle,2014
331.p.7492,WR,Nate Washington,NE,2014
331.p.7505,K,Nick Novak,LAC,2014
331.p.7520,K,Robbie Gould,SF,2014
331.p.7527,K,Shaun Suisham,Pit,2014
331.p.7544,WR,Lance Moore,NO,2014
331.p.7695,RB,John Kuhn,GB,2014
331.p.7751,RB,Reggie Bush,Buf,2014
331.p.7752,QB,Vince Young,Cle,2014
331.p.7755,TE,Vernon Davis,Was,2014
331.p.7760,QB,Jay Cutler,Mia,2014
331.p.7774,WR,Santonio Holmes,Chi,2014
331.p.7776,RB,DeAngelo Williams,Pit,2014
331.p.7777,TE,Marcedes Lewis,GB,2014
331.p.7798,QB,Kellen Clemens,LAC,2014
331.p.7801,WR,Greg Jennings,Mia,2014
331.p.7802,TE,Anthony Fasano,Mia,2014
331.p.7806,WR,Devin Hester,Sea,2014
331.p.7809,RB,Maurice Jones-Drew,Jax,2014
331.p.7810,TE,Tony Scheffler,Det,2014
331.p.7813,QB,Tarvaris Jackson,Sea,2014
331.p.7830,QB,Charlie Whitehurst,Cle,2014
331.p.7831,WR,Derek Hagan,Ten,2014
331.p.7847,TE,Owen Daniels,Den,2014
331.p.7849,RB,Michael Robinson,Sea,2014
331.p.7852,WR,Brad Smith,Phi,2014
331.p.7858,WR,Jason Avant,KC,2014
331.p.7866,RB,Leon Washington,Ten,2014
331.p.7867,K,Stephen Gostkowski,Ten,2014
331.p.7868,WR,Brandon Marshall,NO,2014
331.p.7879,WR,Domenik Hixon,Chi,2014
331.p.7924,TE,Delanie Walker,Ten,2014
331.p.7943,QB,Bruce Gradkowski,Pit,2014
331.p.8001,WR,Marques Colston,NO,2014
331.p.8021,WR,Miles Austin,Phi,2014
331.p.8028,TE,Daniel Fells,NYG,2014
331.p.8040,RB,Montell Owens,Chi,2014
331.p.8054,WR,Micheal Spurlock,Chi,2014
331.p.8063,RB,Fred Jackson,Buf,2014
331.p.8256,WR,Calvin Johnson,Det,2014
331.p.8261,RB,Adrian Peterson,Det,2014
331.p.8263,WR,Ted Ginn Jr.,Chi,2014
331.p.8266,RB,Marshawn Lynch,Sea,2014
331.p.8276,QB,Brady Quinn,Mia,2014
331.p.8277,WR,Dwayne Bowe,KC,2014
331.p.8281,WR,Robert Meachem,NO,2014
331.p.8285,TE,Greg Olsen,Sea,2014
331.p.8290,QB,Kevin Kolb,Buf,2014
331.p.8292,TE,Zach Miller,Sea,2014
331.p.8297,QB,Drew Stanton,TB,2014
331.p.8298,WR,Sidney Rice,Sea,2014
331.p.8306,RB,Brian Leonard,NO,2014
331.p.8327,WR,Jacoby Jones,Bal,2014
331.p.8331,TE,Matt Spaeth,Pit,2014
331.p.8332,WR,James Jones,LAC,2014
331.p.8346,QB,Trent Edwards,LV,2014
331.p.8354,RB,Michael Bush,Ari,2014
331.p.8383,TE,Scott Chandler,NE,2014
331.p.8391,RB,Le'Ron McClain,LAC,2014
331.p.8409,TE,Dante Rosario,Chi,2014
331.p.8416,TE,Brent Celek,Phi,2014
331.p.8432,K,Nick Folk,NE,2014
331.p.8447,K,Mason Crosby,GB,2014
331.p.8459,QB,Jordan Palmer,Ten,2014
331.p.8471,QB,Tyler Thigpen,Cle,2014
331.p.8497,TE,Clark Harris,Cin,2014
331.p.8504,RB,Ahmad Bradshaw,Ind,2014
331.p.8544,QB,Matt Moore,KC,2014
331.p.8561,RB,Pierre Thomas,Was,2014
331.p.8565,K,Matt Prater,Ari,2014
331.p.8609,WR,Eric Weems,Ten,2014
331.p.8739,RB,Jackie Battle,Ten,2014
331.p.8780,QB,Matt Ryan,Atl,2014
331.p.8781,RB,Darren McFadden,Dal,2014
331.p.8790,RB,Jonathan Stewart,Car,2014
331.p.8795,QB,Joe Flacco,Phi,2014
331.p.8799,RB,Felix Jones,Pit,2014
331.p.8800,RB,Rashard Mendenhall,Ari,2014
331.p.8801,RB,Chris Johnson,Ten,2014
331.p.8807,TE,Dustin Keller,Mia,2014
331.p.8810,WR,Donnie Avery,KC,2014
331.p.8813,WR,Jordy Nelson,LV,2014
331.p.8815,TE,John Carlson,Ari,2014
331.p.8819,WR,Eddie Royal,Chi,2014
331.p.8821,RB,Matt Forte,NYJ,2014
331.p.8823,WR,Jerome Simpson,SF,2014
331.p.8825,TE,Fred Davis,NE,2014
331.p.8826,WR,DeSean Jackson,LAR,2014
331.p.8832,RB,Ray Rice,Bal,2014
331.p.8834,QB,Chad Henne,KC,2014
331.p.8838,TE,Martellus Bennett,NE,2014
331.p.8841,RB,Kevin Smith,Det,2014
331.p.8847,WR,Earl Bennett,Cle,2014
331.p.8850,RB,Jamaal Charles,KC,2014
331.p.8861,WR,Harry Douglas,Ten,2014
331.p.8862,TE,Craig Stevens,Ten,2014
331.p.8868,TE,Jermichael Finley,GB,2014
331.p.8872,WR,Mario Manningham,NYG,2014
331.p.8874,WR,Andre Caldwell,Det,2014
331.p.8907,TE,Gary Barnidge,Cle,2014
331.p.8912,RB,Jerome Felton,Buf,2014
331.p.8914,WR,Lavelle Hawkins,TB,2014
331.p.8916,TE,Jacob Tamme,Atl,2014
331.p.8930,WR,Matthew Slater,NE,2014
331.p.8933,QB,Dennis Dixon,Ari,2014
331.p.8935,TE,Kellen Davis,NYJ,2014
331.p.8937,QB,Josh Johnson,NYJ,2014
331.p.8951,WR,Josh Morgan,NO,2014
331.p.8953,RB,Jalen Parmele,Cle,2014
331.p.8982,WR,Pierre Garcon,SF,2014
331.p.8986,QB,Matt Flynn,NO,2014
331.p.9001,WR,Stevie Johnson,LAC,2014
331.p.9004,RB,Peyton Hillis,NYG,2014
331.p.9010,RB,Justin Forsett,Den,2014
331.p.9030,WR,Davone Bess,Cle,2014
331.p.9032,K,Dan Carpenter,Buf,2014
331.p.9033,QB,Caleb Hanie,Dal,2014
331.p.9037,WR,Danny Amendola,Hou,2014
331.p.9039,RB,BenJarvus Green-Ellis,Cin,2014
331.p.9043,RB,Mike Tolbert,Buf,2014
331.p.9066,K,Stephen Hauschka,Jax,2014
331.p.9077,WR,Anthony Armstrong,Cle,2014
331.p.9098,RB,Jed Collins,Dal,2014
331.p.9149,TE,Matthew Mulligan,Det,2014
331.p.9158,RB,Marcel Reece,Sea,2014
331.p.9161,RB,Darius Reynaud,Chi,2014
331.p.9219,K,Connor Barth,Chi,2014
331.p.9222,K,Garrett Hartley,Pit,2014
331.p.9265,QB,Matthew Stafford,LAR,2014
331.p.9269,QB,Mark Sanchez,Was,2014
331.p.9271,WR,Darrius Heyward-Bey,Pit,2014
331.p.9274,WR,Michael Crabtree,Ari,2014
331.p.9276,RB,Knowshon Moreno,Mia,2014
331.p.9281,QB,Josh Freeman,Ind,2014
331.p.9283,WR,Jeremy Maclin,Bal,2014
331.p.9284,TE,Brandon Pettigrew,Det,2014
331.p.9286,WR,Percy Harvin,Buf,2014
331.p.9291,RB,Donald Brown,NE,2014
331.p.9293,WR,Hakeem Nicks,NO,2014
331.p.9294,WR,Kenny Britt,NE,2014
331.p.9300,WR,Brian Robiskie,Ten,2014
331.p.9317,RB,LeSean McCoy,TB,2014
331.p.9328,TE,Richard Quinn,NO,2014
331.p.9329,RB,Shonn Greene,Ten,2014
331.p.9347,WR,Brandon Tate,NO,2014
331.p.9348,WR,Mike Wallace,Phi,2014
331.p.9349,WR,Ramses Barden,Jax,2014
331.p.9353,TE,Jared Cook,LAC,2014
331.p.9362,TE,Chase Coffman,Ind,2014
331.p.9364,TE,Travis Beckum,NO,2014
331.p.9371,WR,Mike Thomas,Hou,2014
331.p.9372,WR,Brian Hartline,Cle,2014
331.p.9375,RB,Mike Goodson,NYJ,2014
331.p.9388,WR,Louis Murphy,SF,2014
331.p.9391,WR,Austin Collie,NE,2014
331.p.9392,RB,Tony Fiammetta,Chi,2014
331.p.9393,RB,Andre Brown,Hou,2014
331.p.9409,RB,Quinn Johnson,Ten,2014
331.p.9416,TE,James Casey,Den,2014
331.p.9433,RB,Frank Summers,Buf,2014
331.p.9444,TE,Zach Miller,Chi,2014
331.p.9448,TE,Bear Pascoe,NE,2014
331.p.9449,RB,Cedric Peerman,Cin,2014
331.p.9458,WR,Brandon Gibson,NE,2014
331.p.9465,QB,Curtis Painter,NYG,2014
331.p.9466,TE,Brandon Myers,TB,2014
331.p.9472,TE,John Phillips,KC,2014
331.p.9473,RB,Bernard Scott,Bal,2014
331.p.9475,RB,Chris Ogbonnaya,NYG,2014
331.p.9496,WR,Julian Edelman,NE,2014
331.p.9504,RB,LaRod Stephens-Howling,Pit,2014
331.p.9505,TE,David Johnson,Pit,2014
331.p.9512,TE,Cameron Morrah,Den,2014
331.p.9514,RB,Rashad Jennings,NYG,2014
331.p.9517,WR,Tiquan Underwood,Car,2014
331.p.9520,K,Ryan Succop,TB,2014
331.p.9526,K,Graham Gano,NYG,2014
331.p.9527,RB,Arian Foster,Mia,2014
331.p.9534,WR,Kevin Ogletree,NYG,2014
331.p.9547,QB,Brian Hoyer,NE,2014
331.p.9560,RB,Danny Woodhead,Bal,2014
331.p.9563,RB,Will Ta'ufo'ou,Jax,2014
331.p.9566,RB,Chris Pressley,Cle,2014
331.p.9613,TE,Tom Crabtree,NO,2014
331.p.9639,RB,Josh Vaughan,Atl,2014
331.p.9666,RB,Darrel Young,Car,2014
331.p.9671,RB,Kory Sheets,LV,2014
331.p.9678,QB,Chase Daniel,LAC,2014
331.p.9694,TE,Kory Sperry,Min,2014
331.p.9699,TE,Kevin Brock,NO,2014
331.p.9702,TE,Zach Potter,Hou,2014
331.p.9705,WR,Jordan Norwood,Den,2014
331.p.9707,RB,Antone Smith,TB,2014
331.p.9729,WR,Chris Williams,Chi,2014
331.p.23966,WR,Chad Hall,Jax,2014
331.p.23976,QB,Sam Bradford,Ari,2014
331.p.23984,RB,C.J. Spiller,KC,2014
331.p.23987,RB,Ryan Mathews,Phi,2014
331.p.23996,TE,Jermaine Gresham,Ari,2014
331.p.23997,WR,Demaryius Thomas,NYJ,2014
331.p.23999,WR,Dez Bryant,Bal,2014
331.p.24011,RB,Dexter McCluster,LAC,2014
331.p.24014,WR,Arrelious Benn,Jax,2014
331.p.24017,TE,Rob Gronkowski,TB,2014
331.p.24023,QB,Jimmy Clausen,Bal,2014
331.p.24026,RB,Toby Gerhart,Jax,2014
331.p.24033,RB,Ben Tate,Pit,2014
331.p.24035,WR,Golden Tate,NYG,2014
331.p.24045,TE,Ed Dickson,Sea,2014
331.p.24052,WR,Damian Williams,LAR,2014
331.p.24053,WR,Brandon LaFell,LV,2014
331.p.24057,WR,Emmanuel Sanders,Buf,2014
331.p.24060,QB,Colt McCoy,Ari,2014
331.p.24062,WR,Eric Decker,NE,2014
331.p.24063,WR,Andre Roberts,Hou,2014
331.p.24064,WR,Armanti Edwards,Chi,2014
331.p.24065,WR,Taylor Price,Sea,2014
331.p.24068,TE,Tony Moeaki,Chi,2014
331.p.24070,TE,Jimmy Graham,Chi,2014
331.p.24076,WR,Mike Williams,KC,2014
331.p.24082,WR,Marcus Easley,Buf,2014
331.p.24083,WR,Jacoby Ford,Ten,2014
331.p.24087,RB,Joe McKnight,KC,2014
331.p.24089,TE,Dennis Pitta,Bal,2014
331.p.24093,TE,Garrett Graham,Den,2014
331.p.24097,QB,Mike Kafka,Cin,2014
331.p.24100,TE,Clay Harbor,NO,2014
331.p.24108,TE,Michael Hoomanawanui,NO,2014
331.p.24115,RB,John Conner,Buf,2014
331.p.24130,TE,Andrew Quarless,Det,2014
331.p.24132,WR,David Reed,SF,2014
331.p.24135,WR,Riley Cooper,Phi,2014
331.p.24146,TE,Fendi Onobun,Jax,2014
331.p.24149,RB,Boobie Dixon,Buf,2014
331.p.24152,QB,Rusty Smith,NYG,2014
331.p.24156,RB,Deji Karim,Ind,2014
331.p.24158,TE,Nate Byham,NE,2014
331.p.24161,TE,Anthony McCoy,Sea,2014
331.p.24164,RB,Jonathan Dwyer,Ari,2014
331.p.24167,WR,Dezmon Briscoe,Dal,2014
331.p.24169,RB,James Starks,GB,2014
331.p.24171,WR,Antonio Brown,TB,2014
331.p.24173,WR,Trindon Holliday,LV,2014
331.p.24174,WR,David Gettis,TB,2014
331.p.24175,QB,Joe Webb III,NYG,2014
331.p.24182,WR,Kyle Williams,NYJ,2014
331.p.24190,TE,Mickey Shuler,Atl,2014
331.p.24198,WR,Marc Mariani,Ten,2014
331.p.24203,TE,Dorin Dickerson,Ten,2014
331.p.24208,TE,Jim Dray,Ari,2014
331.p.24220,TE,Jameson Konz,Den,2014
331.p.24229,RB,Erik Lorig,NO,2014
331.p.24262,RB,Joique Bell,Det,2014
331.p.24271,TE,Michael Palmer,Pit,2014
331.p.24272,WR,David Nelson,Pit,2014
331.p.24273,WR,Naaman Roosevelt,Buf,2014
331.p.24280,WR,Marlon Moore,Cle,2014
331.p.24287,RB,Alfonso Smith,SF,2014
331.p.24289,WR,Stephen Williams,Mia,2014
331.p.24303,TE,Jeff Cumberland,LAC,2014
331.p.24311,QB,Thad Lewis,Bal,2014
331.p.24318,RB,LeGarrette Blount,Det,2014
331.p.24370,TE,Nathan Overbay,Bal,2014
331.p.24373,WR,Preston Parker,NYG,2014
331.p.24379,TE,Jeron Mastrud,Chi,2014
331.p.24400,RB,Chris Ivory,Buf,2014
331.p.24431,TE,Richie Brockel,Car,2014
331.p.24435,WR,Seyi Ajirotutu,Phi,2014
331.p.24436,WR,Bryan Walters,Jax,2014
331.p.24453,TE,Steve Maneri,NYJ,2014
331.p.24473,TE,Mike Caussin,Was,2014
331.p.24550,TE,Jake Ballard,Ari,2014
331.p.24553,WR,Victor Cruz,Chi,2014
331.p.24608,TE,Logan Paulsen,Hou,2014
331.p.24696,WR,Isaiah Williams,Ten,2014
331.p.24701,WR,Andy Tanner,NO,2014
331.p.24735,RB,Will Tukuafu,Sea,2014
331.p.24743,RB,Harvey Unga,Jax,2014
331.p.24746,WR,Teddy Williams,NYG,2014
331.p.24757,WR,Danario Alexander,LAC,2014
331.p.24760,RB,James Develin,NE,2014
331.p.24769,RB,Tyler Clutts,Dal,2014
331.p.24774,WR,Andrew Hawkins,NE,2014
331.p.24788,QB,Cam Newton,NE,2014
331.p.24791,WR,A.J. Green,Ari,2014
331.p.24793,WR,Julio Jones,Ten,2014
331.p.24795,QB,Jake Locker,Ten,2014
331.p.24797,QB,Blaine Gabbert,TB,2014
331.p.24799,QB,Christian Ponder,SF,2014
331.p.24813,WR,Jon Baldwin,Det,2014
331.p.24815,RB,Mark Ingram II,Hou,2014
331.p.24822,QB,Andy Dalton,Chi,2014
331.p.24823,QB,Colin Kaepernick,SF,2014
331.p.24825,RB,Ryan Williams,Dal,2014
331.p.24830,TE,Kyle Rudolph,NYG,2014
331.p.24834,TE,Lance Kendricks,LAC,2014
331.p.24843,RB,Shane Vereen,NO,2014
331.p.24844,RB,Mikel Leshoure,Det,2014
331.p.24845,WR,Torrey Smith,Car,2014
331.p.24846,WR,Greg Little,Ari,2014
331.p.24849,RB,Daniel Thomas,Mia,2014
331.p.24851,WR,Randall Cobb,GB,2014
331.p.24856,TE,Rob Housler,NE,2014
331.p.24858,RB,DeMarco Murray,Ten,2014
331.p.24860,RB,Stevan Ridley,Pit,2014
331.p.24861,QB,Ryan Mallett,Bal,2014
331.p.24865,WR,Austin Pettis,LAC,2014
331.p.24866,WR,Leonard Hankerson,Buf,2014
331.p.24869,WR,Vincent Brown,NO,2014
331.p.24870,WR,Jerrel Jernigan,NYG,2014
331.p.24883,RB,Alex Green,NYJ,2014
331.p.24889,TE,Jordan Cameron,Mia,2014
331.p.24891,TE,Luke Stocker,Ten,2014
331.p.24892,RB,Roy Helu Jr.,LV,2014
331.p.24894,WR,Kris Durham,LV,2014
331.p.24898,WR,Clyde Gates,Dal,2014
331.p.24899,WR,Greg Salas,Buf,2014
331.p.24901,WR,Cecil Shorts III,TB,2014
331.p.24902,RB,Kendall Hunter,NO,2014
331.p.24906,RB,Delone Carter,Jax,2014
331.p.24907,K,Alex Henery,Det,2014
331.p.24910,WR,Tandon Doss,Jax,2014
331.p.24913,RB,Bilal Powell,NYJ,2014
331.p.24916,TE,Julius Thomas,Mia,2014
331.p.24919,WR,Kealoha Pilares,Car,2014
331.p.24922,QB,Ricky Stanzi,Det,2014
331.p.24923,RB,Anthony Sherman,KC,2014
331.p.24928,TE,D.J. Williams,Was,2014
331.p.24932,RB,Jacquizz Rodgers,NO,2014
331.p.24935,WR,Denarius Moore,Buf,2014
331.p.24936,RB,Dion Lewis,NYG,2014
331.p.24939,QB,T.J. Yates,Hou,2014
331.p.24940,WR,Jeremy Kerley,Buf,2014
331.p.24942,TE,Niles Paul,SF,2014
331.p.24946,TE,Lee Smith,Atl,2014
331.p.24954,WR,Ryan Whalen,SF,2014
331.p.24961,TE,Charles Clay,Ari,2014
331.p.24963,WR,Dwayne Harris,Chi,2014
331.p.24964,RB,Evan Royster,Atl,2014
331.p.24965,WR,Aldrick Robinson,Car,2014
331.p.24967,QB,Tyrod Taylor,Hou,2014
331.p.24968,TE,Richard Gordon,Den,2014
331.p.24969,WR,Ronald Johnson,Sea,2014
331.p.24970,RB,Jordan Todman,Hou,2014
331.p.24991,TE,Virgil Green,LAC,2014
331.p.24998,RB,Bruce Miller,Jax,2014
331.p.25005,TE,Ryan Taylor,KC,2014
331.p.25007,RB,Shaun Chapas,Bal,2014
331.p.25012,RB,Anthony Allen,Buf,2014
331.p.25027,RB,Stanley Havili,Sea,2014
331.p.25028,TE,David Ausberry,Det,2014
331.p.25036,WR,DeMarco Sampson,SF,2014
331.p.25046,QB,Jerrod Johnson,Dal,2014
331.p.25050,TE,Martell Webb,Cle,2014
331.p.25056,TE,Weslye Saunders,Ind,2014
331.p.25077,RB,Robert Hughes,Cle,2014
331.p.25084,TE,Andre Smith,Cle,2014
331.p.25105,WR,Doug Baldwin,Sea,2014
331.p.25106,WR,Ricardo Lockette,Sea,2014
331.p.25107,WR,Armon Binns,KC,2014
331.p.25117,RB,DuJuan Harris,Jax,2014
331.p.25120,WR,Dontrelle Inman,Was,2014
331.p.25123,WR,Raymond Webber,Mia,2014
331.p.25125,TE,Kyle Miller,LAC,2014
331.p.25127,WR,Jamar Newsome,Dal,2014
331.p.25144,WR,Michael Preston,Mia,2014
331.p.25146,WR,Kris Adams,NYG,2014
331.p.25151,WR,Dane Sanzenbacher,Cin,2014
331.p.25158,RB,Patrick DiMarco,Buf,2014
331.p.25171,QB,Scott Tolzien,Ind,2014
331.p.25175,RB,Chad Spann,Hou,2014
331.p.25178,WR,Chris Hogan,NO,2014
331.p.25209,RB,William Powell,Det,2014
331.p.25230,TE,Allen Reisner,Bal,2014
331.p.25234,WR,Andre Holmes,Den,2014
331.p.25238,RB,Matt Asiata,Det,2014
331.p.25284,TE,Mike Higgins,Min,2014
331.p.25290,WR,Joseph Morgan,Bal,2014
331.p.25291,TE,Kyle Nelson,SF,2014
331.p.25296,WR,Michael Campbell,NYJ,2014
331.p.25303,RB,Eric Kettani,NE,2014
331.p.25312,WR,Jeremy Ross,Ari,2014
331.p.25317,TE,Josh Baker,TB,2014
331.p.25323,QB,Pat Devlin,Cle,2014
331.p.25324,WR,Drew Davis,Atl,2014
331.p.25331,TE,Brett Brackett,Ten,2014
331.p.25370,TE,Patrick Scales,Chi,2014
331.p.25375,WR,LaQuan Williams,Bal,2014
331.p.25379,WR,Kamar Aiken,Phi,2014
331.p.25427,K,Dan Bailey,Min,2014
331.p.25444,RB,Phillip Tanner,SF,2014
331.p.25464,WR,Tori Gurley,Buf,2014
331.p.25479,WR,Kerry Taylor,Den,2014
331.p.25481,RB,Shaun Draughn,NYG,2014
331.p.25483,QB,McLeod Bethel-Thompson,Phi,2014
331.p.25493,WR,Marcus Harris,NYG,2014
331.p.25503,K,Jake Rogers,Mia,2014
331.p.25505,RB,Henry Hynoski,NYG,2014
331.p.25525,WR,Lestar Jean,Min,2014
331.p.25526,WR,Jeff Maehl,Phi,2014
331.p.25530,WR,Terrence Toliver,Chi,2014
331.p.25562,WR,David Gilreath,Sea,2014
331.p.25566,TE,Mike McNeill,Car,2014
331.p.25594,WR,Chris Matthews,Bal,2014
331.p.25648,K,Kai Forbath,LAR,2014
331.p.25650,RB,Chase Reynolds,LAR,2014
331.p.25658,WR,Kevin Cone,Mia,2014
331.p.25677,WR,Greg Orton,NE,2014
331.p.25681,QB,Terrelle Pryor Sr.,Jax,2014
331.p.25694,WR,Marcus Thigpen,Buf,2014
331.p.25703,TE,Larry Donnell,Bal,2014
331.p.25706,RB,Will Johnson,NYG,2014
331.p.25708,TE,Andre Hardy,Ari,2014
331.p.25711,QB,Andrew Luck,Ind,2014
331.p.25712,QB,Robert Griffin III,Bal,2014
331.p.25713,RB,Trent Richardson,Bal,2014
331.p.25715,WR,Justin Blackmon,Jax,2014
331.p.25718,QB,Ryan Tannehill,Ten,2014
331.p.25723,WR,Michael Floyd,Bal,2014
331.p.25730,WR,Kendall Wright,Ari,2014
331.p.25732,QB,Brandon Weeden,Hou,2014
331.p.25740,WR,A.J. Jenkins,Dal,2014
331.p.25741,RB,Doug Martin,LV,2014
331.p.25742,RB,David Wilson,NYG,2014
331.p.25743,WR,Brian Quick,Was,2014
331.p.25744,TE,Coby Fleener,NO,2014
331.p.25753,WR,Stephen Hill,Car,2014
331.p.25755,WR,Alshon Jeffery,Phi,2014
331.p.25760,RB,Isaiah Pead,Mia,2014
331.p.25764,WR,Ryan Broyles,Det,2014
331.p.25767,QB,Brock Osweiler,Mia,2014
331.p.25771,RB,LaMichael James,Mia,2014
331.p.25773,WR,Rueben Randle,Chi,2014
331.p.25774,TE,Dwayne Allen,Mia,2014
331.p.25777,RB,Ronnie Hillman,Dal,2014
331.p.25778,WR,DeVier Posey,Bal,2014
331.p.25779,WR,TJ Graham,Car,2014
331.p.25785,QB,Russell Wilson,Sea,2014
331.p.25788,TE,Michael Egnew,NO,2014
331.p.25793,WR,Mohamed Sanu,SF,2014
331.p.25794,RB,Bernard Pierce,Den,2014
331.p.25798,QB,Nick Foles,Chi,2014
331.p.25802,WR,T.Y. Hilton,Ind,2014
331.p.25806,WR,Chris Givens,Phi,2014
331.p.25807,RB,Lamar Miller,Was,2014
331.p.25810,WR,Travis Benjamin,SF,2014
331.p.25812,QB,Kirk Cousins,Min,2014
331.p.25814,WR,Joe Adams,Hou,2014
331.p.25816,RB,Robert Turbin,Sea,2014
331.p.25817,WR,Devon Wylie,Atl,2014
331.p.25820,TE,Ladarius Green,Pit,2014
331.p.25821,RB,Evan Rodriguez,TB,2014
331.p.25826,RB,Orson Charles,Den,2014
331.p.25828,WR,Jarius Wright,Car,2014
331.p.25831,WR,Keshawn Martin,Det,2014
331.p.25832,WR,Nick Toon,LAR,2014
331.p.25837,TE,Adrien Robinson,NYJ,2014
331.p.25838,TE,Rhett Ellison,NYG,2014
331.p.25855,TE,Taylor Thompson,Ten,2014
331.p.25862,WR,Danny Coale,Pit,2014
331.p.25867,RB,Bradie Ewing,Jax,2014
331.p.25869,RB,Chris Rainey,Ari,2014
331.p.25871,K,Randy Bullock,Det,2014
331.p.25876,WR,Marvin Jones Jr.,Jax,2014
331.p.25878,WR,Juron Criner,NYG,2014
331.p.25880,RB,Vick Ballard,NO,2014
331.p.25881,K,Greg Zuerlein,Dal,2014
331.p.25883,RB,Alfred Morris,NYG,2014
331.p.25885,K,Blair Walsh,NO,2014
331.p.25892,RB,Cyrus Gray,Atl,2014
331.p.25893,WR,B.J. Cunningham,Chi,2014
331.p.25895,QB,Ryan Lindley,Ind,2014
331.p.25896,TE,James Hanna,Dal,2014
331.p.25901,RB,Daniel Herron,Buf,2014
331.p.25904,WR,Marvin McNutt,Was,2014
331.p.25908,WR,Tommy Streeter,Mia,2014
331.p.25916,WR,LaVon Brazill,Ind,2014
331.p.25922,RB,Michael Smith,NYJ,2014
331.p.25937,WR,Rishard Matthews,NO,2014
331.p.25939,RB,Bryce Brown,Sea,2014
331.p.25941,WR,Toney Clemons,Car,2014
331.p.25945,WR,Jeremy Ebert,Atl,2014
331.p.25948,WR,Junior Hemingway,KC,2014
331.p.25950,TE,Dave Paulson,LAC,2014
331.p.25957,RB,Brad Smelley,LAR,2014
331.p.25960,RB,Edwin Baker,NO,2014
331.p.25961,K,John Potter,Mia,2014
331.p.25962,RB,Daryl Richardson,Ind,2014
331.p.25963,QB,Chandler Harnish,Ari,2014
331.p.25964,RB,Alvester Alexander,Pit,2014
331.p.25970,WR,Brittan Golden,NYG,2014
331.p.25973,WR,Chris Summers,Buf,2014
331.p.25984,TE,Gerell Robinson,Mia,2014
331.p.25987,WR,Eric Page,TB,2014
331.p.25988,WR,Phil Bates,Dal,2014
331.p.25991,WR,Jermaine Kearse,Det,2014
331.p.25992,TE,Sean McGrath,Det,2014
331.p.25997,K,Carson Wiggs,Ind,2014
331.p.26000,TE,Chase Ford,Cle,2014
331.p.26002,RB,Emil Igwenagu,Ind,2014
331.p.26004,WR,Damaris Johnson,Ten,2014
331.p.26006,RB,Chris Polk,Hou,2014
331.p.26007,RB,Jeremy Stewart,Den,2014
331.p.26013,TE,Brandon Barden,Dal,2014
331.p.26016,TE,Beau Brinkley,Ten,2014
331.p.26021,TE,Jake Byrne,LAC,2014
331.p.26024,RB,Travaris Cadet,Car,2014
331.p.26025,QB,Nick Stephens,Bal,2014
331.p.26033,WR,Chris Givens,NO,2014
331.p.26060,WR,Cole Beasley,Buf,2014
331.p.26061,WR,Tim Benford,Pit,2014
331.p.26064,RB,Lance Dunbar,LAR,2014
331.p.26066,WR,Saalim Hakim,Cle,2014
331.p.26076,TE,Andrew Szczerba,Atl,2014
331.p.26079,RB,Joe Banyard,Buf,2014
331.p.26083,WR,Jarrett Boykin,Buf,2014
331.p.26087,WR,Kevin Elliott,Buf,2014
331.p.26095,TE,Matt Veldman,Was,2014
331.p.26096,WR,Brenton Bersin,Car,2014
331.p.26099,WR,Jared Green,LV,2014
331.p.26103,RB,Tauren Poole,Bal,2014
331.p.26108,WR,Josh Bellamy,NYJ,2014
331.p.26121,K,Matt Szymanski,Mia,2014
331.p.26135,WR,LaRon Byrd,Car,2014
331.p.26154,QB,G.J. Kinne,NYG,2014
331.p.26162,QB,Dominique Davis,Ind,2014
331.p.26202,WR,Mike Willie,Bal,2014
331.p.26203,TE,Dominique Jones,Mia,2014
331.p.26216,WR,Jabin Sambrano,Atl,2014
331.p.26218,WR,Griff Whalen,LV,2014
331.p.26233,RB,Collin Mooney,Atl,2014
331.p.26239,TE,Bryce Davis,Pit,2014
331.p.26245,WR,Kashif Moore,KC,2014
331.p.26253,TE,Garrett Celek,SF,2014
331.p.26255,RB,Jewel Hampton,SF,2014
331.p.26261,WR,Chris Owusu,NYJ,2014
331.p.26262,WR,Nathan Palmer,LV,2014
331.p.26264,K,Giorgio Tavecchio,Ten,2014
331.p.26266,WR,Brian Tyms,Ind,2014
331.p.26273,RB,Jonas Gray,Jax,2014
331.p.26282,WR,Lance Lewis,NO,2014
331.p.26289,WR,Derek Moye,Ten,2014
331.p.26292,WR,Jerrell Jackson,KC,2014
331.p.26293,WR,Dwight Jones,NYJ,2014
331.p.26299,RB,Derrick Coleman,Ari,2014
331.p.26304,WR,Kamar Jorden,Min,2014
331.p.26317,QB,Matt Simms,Atl,2014
331.p.26335,WR,Mike Brown,Car,2014
331.p.26346,QB,Austin Davis,Ten,2014
331.p.26347,TE,Cory Harkey,LAR,2014
331.p.26368,WR,Josh Cooper,Min,2014
331.p.26384,K,Derek Dimke,Jax,2014
331.p.26385,WR,Patrick Edwards,Det,2014
331.p.26389,RB,Brandon Bolden,NE,2014
331.p.26399,QB,Kellen Moore,Dal,2014
331.p.26403,WR,Julian Talley,NYG,2014
331.p.26416,TE,Derek Carrier,LV,2014
331.p.26428,WR,Rod Streater,Cle,2014
331.p.26433,WR,Dale Moss,Chi,2014
331.p.26455,RB,Bobby Rainey,Bal,2014
331.p.26456,WR,Deonte Thompson,NYJ,2014
331.p.26463,QB,Matt Blanchard,Chi,2014
331.p.26474,RB,Jourdan Brooks,Cle,2014
331.p.26483,QB,Case Keenum,Cle,2014
331.p.26488,RB,Jonathan Grimes,Jax,2014
331.p.26493,RB,Davin Meggett,Ind,2014
331.p.26497,TE,Phillip Supernaw,Ten,2014
331.p.26518,TE,Cooper Helfet,LV,2014
331.p.26531,K,Danny Hrapmann,Mia,2014
331.p.26534,K,Justin Tucker,Bal,2014
331.p.26535,RB,Jamize Olawale,Dal,2014
331.p.26538,TE,Brandon Bostick,NYJ,2014
331.p.26547,QB,Alex Tanney,NYG,2014
331.p.26548,RB,Jorvorskie Lane,TB,2014
331.p.26552,WR,Lamont Bryant,Ten,2014
331.p.26561,WR,Josh Gordon,Sea,2014
331.p.26583,TE,Andrew DePaola,Min,2014
331.p.26591,RB,Jeff Demps,Ind,2014
331.p.26596,RB,Fozzy Whittaker,Car,2014
331.p.26601,RB,Austin Johnson,TB,2014
331.p.26608,WR,James Shaw,Pit,2014
331.p.26612,TE,Darren Fells,Det,2014
331.p.26614,WR,Ifeanyi Momah,Ari,2014
331.p.26619,TE,Dallas Walker,Car,2014
331.p.26631,WR,Tavon Austin,Jax,2014
331.p.26639,QB,EJ Manuel,KC,2014
331.p.26644,TE,Tyler Eifert,Jax,2014
331.p.26650,WR,DeAndre Hopkins,Ari,2014
331.p.26652,WR,Cordarrelle Patterson,Atl,2014
331.p.26657,WR,Justin Hunter,Pit,2014
331.p.26658,TE,Zach Ertz,Phi,2014
331.p.26660,RB,Giovani Bernard,TB,2014
331.p.26662,QB,Geno Smith,Sea,2014
331.p.26664,WR,Robert Woods,LAR,2014
331.p.26670,TE,Gavin Escobar,Mia,2014
331.p.26671,RB,Le'Veon Bell,Bal,2014
331.p.26678,TE,Vance McDonald,Pit,2014
331.p.26681,RB,Montee Ball,NE,2014
331.p.26682,WR,Aaron Dobson,Ari,2014
331.p.26684,RB,Eddie Lacy,Sea,2014
331.p.26685,RB,Christine Michael,Ind,2014
331.p.26686,TE,Travis Kelce,KC,2014
331.p.26696,QB,Mike Glennon,NYG,2014
331.p.26697,WR,Terrance Williams,Dal,2014
331.p.26699,WR,Keenan Allen,LAC,2014
331.p.26701,WR,Marquise Goodwin,Chi,2014
331.p.26702,WR,Markus Wheaton,Phi,2014
331.p.26708,TE,Jordan Reed,SF,2014
331.p.26715,WR,Stedman Bailey,LAR,2014
331.p.26719,RB,Knile Davis,Chi,2014
331.p.26721,QB,Matt Barkley,Ten,2014
331.p.26724,WR,Ace Sanders,Jax,2014
331.p.26725,WR,Josh Boyce,Cle,2014
331.p.26729,TE,Dion Sims,Chi,2014
331.p.26733,QB,Ryan Nassib,Jax,2014
331.p.26735,QB,Tyler Wilson,Cin,2014
331.p.26738,QB,Landry Jones,LV,2014
331.p.26746,WR,Chris Harper,NYG,2014
331.p.26748,RB,Johnathan Franklin,GB,2014
331.p.26751,WR,Quinton Patton,NYJ,2014
331.p.26753,RB,Kyle Juszczyk,SF,2014
331.p.26754,RB,Marcus Lattimore,SF,2014
331.p.26756,TE,Levine Toilolo,NYG,2014
331.p.26758,WR,Denard Robinson,Jax,2014
331.p.26763,RB,Stepfan Taylor,Ari,2014
331.p.26767,WR,Kenny Stills,Buf,2014
331.p.26774,RB,Joseph Randle,Dal,2014
331.p.26777,RB,Chris Thompson,Jax,2014
331.p.26781,TE,Luke Willson,Sea,2014
331.p.26783,RB,Zac Stacy,NYJ,2014
331.p.26784,WR,Tavarres King,Min,2014
331.p.26787,RB,Mike Gillislee,NO,2014
331.p.26789,K,Caleb Sturgis,LAC,2014
331.p.26794,WR,Corey Fuller,NO,2014
331.p.26795,TE,Nick Kasa,Den,2014
331.p.26800,K,Dustin Hopkins,Was,2014
331.p.26804,RB,Latavius Murray,NO,2014
331.p.26805,RB,Kenjon Barner,TB,2014
331.p.26807,TE,Mychal Rivera,Jax,2014
331.p.26809,WR,Justin Brown,Buf,2014
331.p.26810,RB,Andre Ellington,TB,2014
331.p.26812,RB,Mike James,Det,2014
331.p.26813,RB,Rex Burkhead,Hou,2014
331.p.26817,RB,Spencer Ware,Chi,2014
331.p.26818,WR,Alan Bonner,Hou,2014
331.p.26820,WR,Cobi Hamilton,Ind,2014
331.p.26822,RB,Theo Riddick,LV,2014
331.p.26824,TE,Ryan Griffin,NYJ,2014
331.p.26832,WR,Brice Butler,Mia,2014
331.p.26834,TE,Michael Williams,NE,2014
331.p.26838,RB,Tommy Bohanon,Bal,2014
331.p.26839,WR,Charles Johnson,Phi,2014
331.p.26842,TE,D.C. Jefferson,Car,2014
331.p.26844,QB,Brad Sorensen,Min,2014
331.p.26845,TE,Chris Gragg,NYJ,2014
331.p.26847,WR,Kevin Dorsey,NE,2014
331.p.26851,RB,Jawan Jamison,Pit,2014
331.p.26853,RB,Kerwynn Williams,NO,2014
331.p.26857,QB,Zac Dysert,Dal,2014
331.p.26859,WR,Marquess Wilson,Phi,2014
331.p.26860,QB,B.J. Daniels,Atl,2014
331.p.26861,WR,Aaron Mellette,Bal,2014
331.p.26872,QB,Sean Renfree,TB,2014
331.p.26876,RB,Michael Cox,NYG,2014
331.p.26877,TE,Justice Cunningham,LAR,2014
331.p.26878,RB,C.J. Anderson,Det,2014
331.p.26891,WR,Lamaar Thomas,Jax,2014
331.p.26905,WR,Reggie Dunn,Dal,2014
331.p.26925,RB,Michael Hill,Dal,2014
331.p.26937,RB,Michael Ford,Atl,2014
331.p.26938,WR,Mark Harrison,KC,2014
331.p.26940,WR,Josh Lenz,Hou,2014
331.p.26949,QB,Ryan Griffin,TB,2014
331.p.26950,TE,Josh Hill,Det,2014
331.p.26955,TE,Keavon Milton,Pit,2014
331.p.26971,TE,Ryan Otten,Min,2014
331.p.26972,WR,Tobais Palmer,Car,2014
331.p.26973,RB,Lonnie Pryor,TB,2014
331.p.26976,QB,Jordan Rodgers,Mia,2014
331.p.26977,QB,Matt Scott,Cin,2014
331.p.26991,TE,Chris Pantale,Mia,2014
331.p.26995,WR,Ryan Spadola,Det,2014
331.p.27002,RB,Kendall Gaskins,SF,2014
331.p.27003,WR,Brandon Kaufman,Buf,2014
331.p.27009,WR,Da'Rick Rogers,KC,2014
331.p.27019,QB,Jeff Tuel,Jax,2014
331.p.27024,WR,Darius Johnson,Atl,2014
331.p.27039,RB,Ronnie Wingo,Atl,2014
331.p.27050,TE,Tim Wright,KC,2014
331.p.27052,RB,Miguel Maysonet,Buf,2014
331.p.27055,WR,Russell Shepard,NYG,2014
331.p.27057,RB,Matthew Tucker,NYJ,2014
331.p.27065,TE,Brian Leonhardt,Ari,2014
331.p.27071,WR,Conner Vernon,Det,2014
331.p.27074,WR,Jaron Brown,Ari,2014
331.p.27075,WR,Dan Buckner,Ari,2014
331.p.27084,WR,Javone Lawson,Ari,2014
331.p.27085,WR,Michael Rios,Mia,2014
331.p.27102,RB,Michael Zordich,NO,2014
331.p.27103,TE,Brandon Williams,Ind,2014
331.p.27120,K,Brandon McManus,Den,2014
331.p.27126,WR,Lanear Sampson,Pit,2014
331.p.27132,RB,Bradley Randle,Min,2014
331.p.27133,RB,Jerodis Williams,Den,2014
331.p.27134,TE,Colin Anderson,NYJ,2014
331.p.27135,RB,Zach Line,NO,2014
331.p.27143,WR,Rodney Smith,Sea,2014
331.p.27148,RB,Jamaine Cook,Cle,2014
331.p.27149,WR,Dominique Croom,Atl,2014
331.p.27157,WR,Cordell Roberson,Buf,2014
331.p.27164,K,Quinn Sharp,Cin,2014
331.p.27167,RB,Benny Cunningham,Jax,2014
331.p.27170,QB,Tyler Bray,Chi,2014
331.p.27173,WR,Frankie Hammond Jr.,NYJ,2014
331.p.27174,TE,Demetrius Harris,Ari,2014
331.p.27181,WR,Rico Richardson,LAC,2014
331.p.27187,TE,Joseph Fauria,NE,2014
331.p.27189,RB,Steven Miller,Det,2014
331.p.27193,WR,Cody Wilson,Det,2014
331.p.27195,WR,Emory Blake,LAR,2014
331.p.27201,WR,Nick Williams,SF,2014
331.p.27204,WR,Skye Dawson,Det,2014
331.p.27207,TE,Emmanuel Ogbuehi,TB,2014
331.p.27213,RB,MarQueis Gray,SF,2014
331.p.27214,TE,Kevin McDermott,Min,2014
331.p.27230,WR,T.J. Moe,LAR,2014
331.p.27234,TE,Zach Sudfeld,NYJ,2014
331.p.27235,WR,Kenbrell Thompkins,NYJ,2014
331.p.27241,WR,Chad Bumphis,Jax,2014
331.p.27244,WR,Junior Collins,Cin,2014
331.p.27249,RB,Ina Liaina,GB,2014
331.p.27250,RB,Cameron Marshall,Jax,2014
331.p.27261,TE,Matt Furstenburg,Bal,2014
331.p.27267,WR,Gerrard Sheppard,GB,2014
331.p.27277,WR,Adam Thielen,Min,2014
331.p.27284,WR,Chuck Jacobs,Bal,2014
331.p.27297,K,Maikon Bonani,Ten,2014
331.p.27299,TE,Jack Doyle,Ind,2014
331.p.27300,WR,Travis Harvey,Ari,2014
331.p.27305,WR,Rashad Ross,Car,2014
331.p.27310,RB,Ray Graham,Hou,2014
331.p.27311,RB,Dennis Johnson,Hou,2014
331.p.27312,RB,George Winn,Ind,2014
331.p.27313,RB,Cierre Wood,Buf,2014
331.p.27314,RB,Zach Boren,Ten,2014
331.p.27315,WR,Andy Cruse,Min,2014
331.p.27316,WR,Alec Lemon,Bal,2014
331.p.27319,WR,Uzoma Nwachukwu,Dal,2014
331.p.27336,WR,Greg Herd,Chi,2014
331.p.27359,TE,Jake Stoneburner,NO,2014
331.p.27361,WR,Myles White,NYJ,2014
331.p.27378,RB,Khiry Robinson,NYJ,2014
331.p.27379,WR,Will Murphy,Phi,2014
331.p.27396,WR,Ty Walker,Min,2014
331.p.27405,WR,Greg Jenkins,Jax,2014
331.p.27409,TE,Kyle Auffray,LV,2014
331.p.27422,WR,Marlon Brown,Chi,2014
331.p.27423,TE,Jason Schepler,Ten,2014
331.p.27425,K,Jordan Gay,Ten,2014
331.p.27429,QB,Matt McGloin,KC,2014
331.p.27431,RB,Toben Opurum,Den,2014
331.p.27437,WR,Charles Hawkins,NO,2014
331.p.27440,WR,Alex Gillett,GB,2014
331.p.27441,WR,Justin Veltung,LAR,2014
331.p.27453,WR,Arceto Clark,Sea,2014
331.p.27455,TE,Adam Schiltz,KC,2014
331.p.27491,TE,Brandon Hartson,Dal,2014
331.p.27493,WR,Rahsaan Vaughn,LV,2014
331.p.27502,WR,Fred Williams,KC,2014
331.p.27504,RB,Carlin Isles,Det,2014
331.p.27505,RB,Willie Carter,Chi,2014
331.p.27506,K,Patrick Murray,TB,2014
331.p.27511,WR,Greg Wilson,Den,2014
331.p.27513,WR,Weston Dressler,KC,2014
331.p.27522,TE,Chad Rempel,Chi,2014
331.p.27525,RB,Stephen Campbell,Was,2014
331.p.27526,RB,Cameron White,Ind,2014
331.p.27527,TE,Jordan Thompson,Det,2014
331.p.27531,QB,Blake Bortles,GB,2014
331.p.27532,WR,Sammy Watkins,Bal,2014
331.p.27535,WR,Mike Evans,TB,2014
331.p.27538,TE,Eric Ebron,Pit,2014
331.p.27540,WR,Odell Beckham Jr.,Cle,2014
331.p.27548,WR,Brandin Cooks,Hou,2014
331.p.27550,QB,Johnny Manziel,Cle,2014
331.p.27556,WR,Kelvin Benjamin,NYG,2014
331.p.27560,QB,Teddy Bridgewater,Den,2014
331.p.27564,QB,Derek Carr,LV,2014
331.p.27566,TE,Austin Seferian-Jenkins,NE,2014
331.p.27567,WR,Marqise Lee,SF,2014
331.p.27570,WR,Jordan Matthews,SF,2014
331.p.27573,WR,Paul Richardson Jr.,Sea,2014
331.p.27577,TE,Jace Amaro,KC,2014
331.p.27580,TE,Troy Niklas,TB,2014
331.p.27581,WR,Davante Adams,GB,2014
331.p.27582,RB,Bishop Sankey,Min,2014
331.p.27583,RB,Jeremy Hill,LV,2014
331.p.27584,WR,Cody Latimer,Was,2014
331.p.27585,RB,Carlos Hyde,Jax,2014
331.p.27589,WR,Allen Robinson II,Chi,2014
331.p.27590,QB,Jimmy Garoppolo,SF,2014
331.p.27591,WR,Jarvis Landry,Cle,2014
331.p.27593,TE,C.J. Fiedorowicz,Hou,2014
331.p.27597,RB,Charles Sims,TB,2014
331.p.27603,RB,Tre Mason,LAR,2014
331.p.27614,WR,Josh Huff,NO,2014
331.p.27618,WR,Donte Moncrief,Hou,2014
331.p.27619,WR,John Brown,LV,2014
331.p.27622,RB,Terrance West,NO,2014
331.p.27624,RB,Jerick McKinnon,KC,2014
331.p.27625,WR,Dri Archer,Buf,2014
331.p.27626,TE,Richard Rodgers,Phi,2014
331.p.27627,TE,Crockett Gillmore,Bal,2014
331.p.27631,RB,Devonta Freeman,NO,2014
331.p.27632,WR,Jalen Saunders,Chi,2014
331.p.27634,WR,Bruce Ellington,NE,2014
331.p.27641,RB,Andre Williams,LAC,2014
331.p.27643,WR,Shaq Evans,Dal,2014
331.p.27645,RB,Ka'Deem Carey,Chi,2014
331.p.27646,WR,Martavis Bryant,LV,2014
331.p.27648,QB,Logan Thomas,Was,2014
331.p.27651,WR,Kevin Norwood,NYG,2014
331.p.27652,RB,De'Anthony Thomas,Bal,2014
331.p.27658,RB,James White,NE,2014
331.p.27663,QB,Tom Savage,Det,2014
331.p.27666,RB,Lorenzo Taliaferro,Bal,2014
331.p.27670,WR,Ryan Grant,GB,2014
331.p.27674,WR,Devin Street,Hou,2014
331.p.27683,TE,Arthur Lynch,Atl,2014
331.p.27691,QB,Aaron Murray,LAR,2014
331.p.27692,QB,AJ McCarron,Atl,2014
331.p.27704,WR,Jared Abbrederis,Det,2014
331.p.27706,QB,Zach Mettenberger,Pit,2014
331.p.27709,RB,Alfred Blue,Jax,2014
331.p.27711,QB,David Fales,NYJ,2014
331.p.27713,WR,Robert Herron,LV,2014
331.p.27714,RB,Lache Seastrunk,NYJ,2014
331.p.27717,WR,TJ Jones,NYG,2014
331.p.27718,WR,Matt Hazel,Ind,2014
331.p.27722,QB,Keith Wenning,Buf,2014
331.p.27724,WR,Walter Powell,Jax,2014
331.p.27729,RB,Marion Grice,Ari,2014
331.p.27732,RB,Tyler Gaffney,NE,2014
331.p.27737,WR,Quincy Enunwa,NYJ,2014
331.p.27739,RB,Jay Prosch,Hou,2014
331.p.27741,QB,Tajh Boyd,Pit,2014
331.p.27742,QB,Garrett Gilbert,NE,2014
331.p.27745,TE,Ted Bolser,Ari,2014
331.p.27746,WR,Michael Campanaro,Ten,2014
331.p.27750,RB,Storm Johnson,Mia,2014
331.p.27755,RB,Kiero Small,Bal,2014
331.p.27756,K,Zach Hocker,TB,2014
331.p.27757,K,Nate Freese,Det,2014
331.p.27758,TE,Rob Blanchflower,Pit,2014
331.p.27764,WR,Jeff Janis,Cle,2014
331.p.27767,WR,James Wright,Ind,2014
331.p.27768,WR,Tevin Reese,Cin,2014
331.p.27772,WR,Jeremy Gallon,LV,2014
331.p.27773,RB,Trey Millard,KC,2014
331.p.27786,TE,Blake Annen,Buf,2014
331.p.27788,WR,Kadron Boone,NYG,2014
331.p.27789,TE,Trey Burton,Ind,2014
331.p.27790,RB,David Fluellen,Ten,2014
331.p.27794,RB,Henry Josey,Min,2014
331.p.27798,WR,Quron Pratt,Phi,2014
331.p.27799,K,Carey Spear,Cle,2014
331.p.27802,TE,Chase Dixon,Was,2014
331.p.27807,QB,Keith Price,Sea,2014
331.p.27814,QB,Brendon Kay,Pit,2014
331.p.27818,TE,Eric Waters,Pit,2014
331.p.27821,RB,Kapri Bibbs,GB,2014
331.p.27822,WR,Isaiah Burse,LAC,2014
331.p.27824,RB,Brennan Clay,Den,2014
331.p.27826,WR,Bennie Fowler III,SF,2014
331.p.27827,WR,Greg Hardin,Den,2014
331.p.27829,QB,Bryn Renner,Pit,2014
331.p.27832,RB,Juwan Thompson,Den,2014
331.p.27834,QB,Jordan Lynch,Chi,2014
331.p.27843,RB,D.J. Adams,LAC,2014
331.p.27844,WR,Torrence Allen,LAC,2014
331.p.27845,WR,Brelan Chancellor,Pit,2014
331.p.27849,TE,Michael Flacco,Jax,2014
331.p.27851,WR,Micah Hatfield,LAC,2014
331.p.27852,WR,Javontee Herndon,Dal,2014
331.p.27863,WR,Terrence Miller,NE,2014
331.p.27866,RB,Chad Young,NYJ,2014
331.p.27868,K,Jeff Budzien,Jax,2014
331.p.27869,RB,Terrance Cobb,LV,2014
331.p.27871,WR,Damian Copeland,Det,2014
331.p.27874,WR,Allen Hurns,Mia,2014
331.p.27875,TE,Marcel Jensen,Phi,2014
331.p.27876,TE,Reggie Jordan,Jax,2014
331.p.27878,QB,Stephen Morris,Hou,2014
331.p.27881,TE,D.J. Tialavea,Chi,2014
331.p.27885,TE,A.C. Leonard,Min,2014
331.p.27886,WR,Kain Colter,Buf,2014
331.p.27893,RB,Dominique Williams,NYJ,2014
331.p.27895,WR,Erik Lora,Jax,2014
331.p.27897,WR,Donte Foster,Ten,2014
331.p.27906,QB,Seth Lobato,TB,2014
331.p.27909,WR,Greg Moore,Ind,2014
331.p.27911,K,Cody Parkey,Cle,2014
331.p.27914,TE,Erik Swoope,SF,2014
331.p.27915,WR,Eric Thomas,Buf,2014
331.p.27916,RB,Zurlon Tipton,Ind,2014
331.p.27918,WR,Tony Washington,NE,2014
331.p.27921,WR,Brandon Coleman,NO,2014
331.p.27924,RB,Tim Flanders,Cle,2014
331.p.27926,TE,Je'Ron Hamm,Ind,2014
331.p.27927,TE,Nic Jacobs,Bal,2014
331.p.27928,WR,Seantavius Jones,Ind,2014
331.p.27929,QB,Logan Kilgore,NO,2014
331.p.27938,WR,Philly Brown,Den,2014
331.p.27941,WR,Marcus Lucas,Dal,2014
331.p.27943,RB,Darrin Reaves,KC,2014
331.p.27946,RB,Antonio Andrews,Ten,2014
331.p.27949,WR,Jaz Reynolds,Ten,2014
331.p.27950,WR,Josh Stewart,Ten,2014
331.p.27951,WR,Derel Walker,TB,2014
331.p.27952,WR,Eric Ward,Cin,2014
331.p.27953,TE,David Wright,Ten,2014
331.p.27958,K,Travis Coons,LAC,2014
331.p.27959,TE,Alex Bayer,LAC,2014
331.p.27962,WR,Austin Franklin,LAR,2014
331.p.27965,RB,Kadeem Jones,LAR,2014
331.p.27970,WR,Jamaine Sherman,LAR,2014
331.p.27971,RB,Trey Watts,LAR,2014
331.p.27976,WR,Jeremy Butler,Buf,2014
331.p.27977,WR,Jace Davis,Den,2014
331.p.27991,RB,Chad Abram,Det,2014
331.p.27994,QB,James Franklin,Det,2014
331.p.27995,TE,Tyler Beck,NE,2014
331.p.27996,RB,Roy Finch,NE,2014
331.p.28003,TE,Jacob Maxwell,Buf,2014
331.p.28004,RB,Stephen Houston,Bal,2014
331.p.28005,TE,Justin Jones,KC,2014
331.p.28008,WR,Andrew Peacock,Det,2014
331.p.28010,TE,Asa Watson,Dal,2014
331.p.28011,RB,Ray Agnew,Was,2014
331.p.28014,RB,Isaiah Crowell,LV,2014
331.p.28018,WR,Chandler Jones,TB,2014
331.p.28020,WR,Jonathan Krause,Ten,2014
331.p.28021,TE,Ryan Hewitt,Ten,2014
331.p.28024,QB,Connor Shaw,Chi,2014
331.p.28025,WR,Kenny Shaw,LV,2014
331.p.28026,WR,Willie Snead IV,LV,2014
331.p.28028,WR,Colin Lockett,Was,2014
331.p.28029,WR,Alex Neutz,Cin,2014
331.p.28030,RB,Nikita Whitlock,NYG,2014
331.p.28031,RB,James Wilder Jr.,Buf,2014
331.p.28035,WR,Aaron Burks,Ind,2014
331.p.28038,WR,Darryl Surgent,KC,2014
331.p.28043,WR,Solomon Patton,Den,2014
331.p.28044,RB,Charcandrick West,Ind,2014
331.p.28045,QB,Brett Smith,TB,2014
331.p.28046,WR,Albert Wilson,Mia,2014
331.p.28054,WR,Geraldo Boldewijn,Atl,2014
331.p.28058,RB,Maurice Hagens,Atl,2014
331.p.28059,WR,Julian Jones,Atl,2014
331.p.28060,WR,Freddie Martino,TB,2014
331.p.28061,QB,Jeff Mathews,Ari,2014
331.p.28066,QB,Kory Faulkner,SF,2014
331.p.28068,RB,Roosevelt Nix,Ind,2014
331.p.28069,TE,Jacob Pedersen,Atl,2014
331.p.28071,WR,Bernard Reedy,TB,2014
331.p.28076,RB,Jerome Smith,Atl,2014
331.p.28079,WR,Tramaine Thompson,Atl,2014
331.p.28081,TE,Brian Wozniak,Atl,2014
331.p.28084,RB,Rajion Neal,Cle,2014
331.p.28086,TE,Justin Perillo,Chi,2014
331.p.28087,RB,LaDarius Perkins,Ind,2014
331.p.28088,QB,Chase Rettig,LAC,2014
331.p.28095,TE,Gator Hoskins,Sea,2014
331.p.28098,RB,Zach Bauman,Ari,2014
331.p.28103,K,Chandler Catanzaro,NYG,2014
331.p.28104,WR,Ryan Lankford,Ind,2014
331.p.28106,RB,Tim Cornett,Hou,2014
331.p.28112,WR,Kelsey Pope,Ari,2014
331.p.28115,RB,Damien Williams,Chi,2014
331.p.28118,WR,Kevin Smith,Sea,2014
331.p.28119,WR,Rantavious Wooten,Mia,2014
331.p.28121,WR,Corey Washington,Dal,2014
331.p.28125,WR,Chris Boyd,Dal,2014
331.p.28128,RB,J.C. Copeland,NYJ,2014
331.p.28131,RB,Ben Malena,Dal,2014
331.p.28133,RB,Glasco Martin,Dal,2014
331.p.28134,TE,Jordan Najvar,Dal,2014
331.p.28142,QB,Dustin Vaughan,Bal,2014
331.p.28143,WR,L'Damian Washington,KC,2014
331.p.28146,TE,Evan Wilson,LV,2014
331.p.28147,TE,Asante Cleveland,LAC,2014
331.p.28158,RB,Jeff Scott,Cin,2014
331.p.28159,QB,Travis Partridge,Min,2014
331.p.28169,RB,Orleans Darkwa,NYG,2014
331.p.28172,WR,Cody Hoffman,Was,2014
331.p.28173,WR,Kofi Hughes,Chi,2014
331.p.28174,WR,Rashad Lawrence,Mia,2014
331.p.28175,TE,Kevin Perry,Was,2014
331.p.28176,RB,Silas Redd Jr.,Was,2014
331.p.28179,QB,Tommy Rees,Was,2014
331.p.28180,WR,Lee Doss,Cle,2014
331.p.28184,TE,Xavier Grimble,Bal,2014
331.p.28185,RB,George Atkinson III,NYJ,2014
331.p.28188,K,Chris Boswell,Pit,2014
331.p.28191,TE,Chris Coyle,Hou,2014
331.p.28192,TE,Anthony Denham,Phi,2014
331.p.28198,WR,Travis Labhart,Hou,2014
331.p.28202,WR,Anthony McClung,Hou,2014
331.p.28203,WR,Nathan Slaughter,Ari,2014
331.p.28207,WR,D.J. Coles,LV,2014
331.p.28208,WR,Mike Davis,LV,2014
331.p.28210,WR,Noel Grigsby,LV,2014
331.p.28213,TE,Jake Murphy,Den,2014
331.p.28214,WR,Seth Roberts,GB,2014
331.p.28215,TE,Scott Simonson,NYG,2014
331.p.28216,RB,Karl Williams,LV,2014
331.p.28218,RB,Brendan Bigelow,TB,2014
331.p.28221,TE,Tyler Ott,Sea,2014
331.p.28223,RB,Senorise Perry,Ten,2014
331.p.28225,RB,James Baker,KC,2014
331.p.28227,K,Cairo Santos,Chi,2014
331.p.28228,WR,Steve Hull,NO,2014
331.p.28229,RB,Derrick Strozier,NO,2014
331.p.28232,WR,Lacoltan Bester,Hou,2014
331.p.28234,WR,Taylor Gabriel,Chi,2014
331.p.28238,TE,James Oboh,Cle,2014
331.p.28241,QB,Brock Jensen,Mia,2014
331.p.28245,WR,Derrick Johnson,NYG,2014
331.p.28251,TE,Colt Lyerla,GB,2014
331.p.28253,TE,RaShaun Allen,Hou,2014
331.p.28255,RB,Beau Blankenship,Jax,2014
331.p.28259,WR,Julian Horton,Ten,2014
331.p.28260,RB,Waymon James,Ten,2014
331.p.28264,WR,Caleb Holley,Buf,2014
331.p.28267,TE,Cameron Brate,TB,2014
331.p.28268,WR,Quintin Payton,Det,2014
331.p.28269,TE,Ian Thompson,TB,2014
331.p.28272,RB,Branden Oliver,Ind,2014
331.p.28275,WR,Jordan Harris,LAR,2014
331.p.28277,WR,Wilson Van Hooser,NE,2014
331.p.28278,WR,Reese Wiggins,Det,2014
331.p.28279,WR,Diontae Spencer,Den,2014
331.p.28280,TE,Kevin Greene,Ten,2014
331.p.28282,WR,Kevin Ozier,Ari,2014
331.p.28283,RB,Fitzgerald Toussaint,Pit,2014
331.p.28289,WR,C.J. Goodwin,Dal,2014
331.p.28290,RB,Damien Thigpen,Ari,2014
331.p.28292,K,Michael Palardy,Mia,2014
331.p.28293,WR,Deon Anthony,KC,2014
331.p.28294,WR,Brandon Wimberly,Jax,2014
331.p.28298,WR,Gerald Ford,Mia,2014
331.p.28299,WR,Jeremy Johnson,Cin,2014
331.p.28300,K,Sergio Castillo,NYJ,2014
331.p.28302,RB,Demitrius Bronson,Mia,2014
331.p.28305,RB,Jordan Hall,Pit,2014
331.p.28313,K,Andrew Furney,NYJ,2014
331.p.28314,WR,Jerry Rice Jr.,Was,2014
331.p.28318,WR,Tyler McDonald,Mia,2014
331.p.28322,K,Mitch Ewald,Den,2014
331.p.28325,WR,Morrell Presley,Sea,2014
331.p.28328,WR,Cole Stanford,NE,2014
331.p.28331,RB,Josh Harris,Pit,2014
331.p.28334,WR,Randall Carroll,Sea,2014
331.p.28341,WR,Nu'Keese Richardson,Ind,2014
331.p.28343,RB,Glenn Winston,Cle,2014
331.p.28347,WR,Tim Smith,Cle,2014
331.p.28348,TE,Jerome Cunningham,Was,2014
331.p.28350,K,Kevin Goessling,LV,2014
331.p.28364,RB,Corey Knox,Buf,2014
331.p.28365,TE,Chris Manhertz,Jax,2014
331.p.100001,DEF,Atlanta,Atl,2014
331.p.100002,DEF,Buffalo,Buf,2014
331.p.100003,DEF,Chicago,Chi,2014
331.p.100004,DEF,Cincinnati,Cin,2014
331.p.100005,DEF,Cleveland,Cle,2014
331.p.100006,DEF,Dallas,Dal,2014
331.p.100007,DEF,Denver,Den,2014
331.p.100008,DEF,Detroit,Det,2014
331.p.100009,DEF,Green Bay,GB,2014
331.p.100010,DEF,Tennessee,Ten,2014
331.p.100011,DEF,Indianapolis,Ind,2014
331.p.100012,DEF,Kansas City,KC,2014
331.p.100013,DEF,Las Vegas,LV,2014
331.p.100014,DEF,Los Angeles,LAR,2014
331.p.100015,DEF,Miami,Mia,2014
331.p.100016,DEF,Minnesota,Min,2014
331.p.100017,DEF,New England,NE,2014
331.p.100018,DEF,New Orleans,NO,2014
331.p.100019,DEF,New York,NYG,2014
331.p.100020,DEF,New York,NYJ,2014
331.p.100021,DEF,Philadelphia,Phi,2014
331.p.100022,DEF,Arizona,Ari,2014
331.p.100023,DEF,Pittsburgh,Pit,2014
331.p.100024,DEF,Los Angeles,LAC,2014
331.p.100025,DEF,San Francisco,SF,2014
331.p.100026,DEF,Seattle,Sea,2014
331.p.100027,DEF,Tampa Bay,TB,2014
331.p.100028,DEF,Washington,Was,2014
331.p.100029,DEF,Carolina,Car,2014
331.p.100030,DEF,Jacksonville,Jax,2014
331.p.100033,DEF,Baltimore,Bal,2014
331.p.100034,DEF,Houston,Hou,2014
